id,bed_porosity,axial_dispersion,NRMSE
4487b3170555fe2cd63491873f6f2f5282d791faba52a197ed233c364fec05cd,0.3779865275104166,5.125610780918774e-07,0.19899038697826116
